{
  "kmeans_labels_sample": [
    2,
    0,
    0,
    0,
    2,
    0,
    2,
    0,
    2,
    0,
    0,
    2,
    0,
    2,
    2,
    2,
    2,
    2,
    0,
    2
  ],
  "agglomerative_labels_sample": [
    0,
    0,
    2,
    0,
    2,
    1,
    2,
    0,
    0,
    0,
    0,
    2,
    0,
    1,
    0,
    2,
    2,
    2,
    0,
    2
  ],
  "kmeans_silhouette": 0.11196767737140881,
  "agglomerative_silhouette": 0.09737426014314339,
  "explained_variance_ratio_2d": [
    0.21254053121851973,
    0.11820707724327453
  ]
}